{"tfjsVersion":"1.7.4","tmVersion":"2.4.10","packageVersion":"0.8.4-alpha2","packageName":"@teachablemachine/image","timeStamp":"2025-12-18T19:47:17.327Z","userMetadata":{},"modelName":"tm-my-image-model","labels":["Corn and Maize Blight ","Corn and Maize Common Rust","Corn and Maize Gray Leaf Spot ","Corn and Maize Healthy ","Soyabean Pest Attack  ","Soyabean Frog leaf eye ","Soyabean Spectoria Brown Spot","Soyabean Healthy","Soyabean Rust ","Soyabean Mosaic","cotton bacterial blight ","cotton curl virus ","cotton fussarium wilt ","cotton healthy ","cotton red cotton leaf "],"imageSize":224}